{
	"name": "DayNightExtender",
	"version": "1.1.10",
	"title": "Day Night Extender (longer days and nights)",
	"author": "Original: Dark - Updated: vizzy, mikenlott, binbinhfr",
	"homepage": "https://forums.factorio.com/viewtopic.php?f=92&t=28822",
	"contact": "https://forums.factorio.com/memberlist.php?mode=viewprofile&u=14267",
	"description": "Increase the length of day and night cycle. Vanilla length is around 7 mins. The extender multiplies this by x4 to 28 mins. This multiplier is customizable in config.lua.",
	"factorio_version":"0.14",
	"dependencies": ["base >= 0.14.0"]
}
