{
  "name": "additionaloilrefineries",
  "version": "1.0.0",
  "title": "Additional Oil Refineries",
  "author": "IhanaMies",
  "contact": "mikael.palokangas@gmail.com",
  "homepage": "",
  "description": "Adds two upgraded Oil Refineries",
  "dependencies": [
	"base >= 0.12",
    "? bobconfig >= 0.12.2",
    "? bobelectronics >= 0.12.6",
    "? boblibrary >= 0.12.3",
    "? bobmodules >= 0.12.9",
    "? bobplates >= 0.12.10",
    "? bobtech >= 0.12.4",
	"? marathon >= 1.0.0"
    ] 
}
