{
  "name": "Teleportation",
  "version": "0.14.9",
  "title": "Teleportation",
  "author": "Apriori",
  "description": "Devices for teleportation. Now you can teleport either to the special beacons or as far as you see (try to use with zoom mod). For maximum details see changelist in mod's folder. Thanks to jroberts072 and iUltimateLP for inspiration and some graphics.",
  "factorio_version": "0.14",
  "contact": "https://forums.factorio.com/memberlist.php?mode=viewprofile&u=13866",
  "homepage": "https://forums.factorio.com/viewtopic.php?f=93&t=31741"
}