{
  "name": "bobplates",
  "version": "0.13.2",
  "factorio_version": "0.13",
  "title": "Bob's Metals, Chemicals and Intermediates",
  "author": "Bobingabout",
  "contact": "robertagius@hotmail.com",
  "homepage": "http://www.destructivality.com",
  "description": "Smelt extra ores into plates, and make useful intermediate products.",
  "dependencies": ["base >= 0.13.0", "boblibrary >= 0.13.0", "? bobconfig >= 0.13.0", "? bobores >= 0.13.0", "? bobtech >= 0.13.0", "? bobenemies >= 0.13.0"]
}
