{
	"name": "StickyNotes",
	"version": "1.0.11",
	"title": "Sticky Notes (notes and signs on the map)",
	"author": "BinbinHfr",
	"description": "Stick notes (or signs) on the map, as a reminder for yourself, or a message for other players. More than that, using ALT+W, you can also directly add a text on any object on the map, belonging to your force.",
	"homepage": "https://forums.factorio.com/viewtopic.php?f=92&t=30980",
	"contact": "https://forums.factorio.com/memberlist.php?mode=viewprofile&u=14267",
	"factorio_version":"0.14",
	"dependencies":["? color-picker >= 0.1.1"]
}
