{
  "name": "Upgrade",
  "version": "2.4.0",
  "factorio_version": "0.14",
  "title": "Upgrade",
  "author": "FlamingFox",
  "contact": "https://forums.factorio.com/memberlist.php?mode=viewprofile&u=20539",
  "homepage": "https://forums.factorio.com/viewtopic.php?f=91&t=25381",
  "description": "Ever wanted to repurpose your unused burner drills and furnaces? Now you can with Upgrade! Now compatible with mods such as Bob's mods and KS_Power.",
  "dependencies": ["base >= 0.14.0", "? boblogistics >= 0.14.4", "? KS_Power >= 0.1.6"]
}