{
  "name": "ShinyBob",
  "version": "0.13.2",
  "factorio_version": "0.13",
  "title": "ShinyBobs",
  "author": "Qumojo",
  "dependencies": [ "base >= 0.13.0", "boblibrary >= 0.13.0", "bobconfig >= 0.13.0", "? bobassembly >= 0.13.0", "? bobelectronics >= 0.13.0", "? bobenemies >= 0.13.0", "? boblogistics >= 0.13.0", "? bobmining >= 0.13.0", "? bobmodules >= 0.13.0", "? bobores >= 0.13.0", "? bobplates >= 0.13.0", "? bobpower >= 0.13.0", "? bobtech >= 0.13.0", "? bobwarfare >= 0.13.0", "? bobgreenhouse >= 0.13.0"],
  "description": "Full revamp of the menus, update of all icons of bob's mod following colour code (base/yellow,red,blue,purple,green,white) and a lot more stuff"
}
