{
  "name": "bobplates",
  "version": "0.12.11",
  "title": "Bob's Metals, Chemicals and Intermediates",
  "author": "Bobingabout",
  "contact": "robertagius@hotmail.com",
  "homepage": "http://www.destructivality.com",
  "description": "Smelt extra ores into plates, and make useful intermediate products.",
  "dependencies": ["base >= 0.12.0", "boblibrary >= 0.12.2", "? bobconfig >= 0.12.0", "? bobores >= 0.12.0", "? bobtech >= 0.12.0", "? bobenemies >= 0.12.0", "? DyTech-Metallurgy", "? CORE-DyTech-Core"]
}
