{
  "name": "angelssmelting",
  "version": "0.1.2",
  "factorio_version": "0.14",
  "title": "Angel's Smelting (Beta)",
  "author": "Arch666Angel",
  "contact": "",
  "homepage": "https://forums.factorio.com/viewforum.php?f=185",
  "description": "Angel's Smelting provides alternative ways to produce plate and increase ore yield at the expense of space and energy",
  "dependencies": [
	"base >= 0.14.0", 
	"bobplates >= 0.13.0",
	"angelspetrochem >= 0.1.10",
	"angelsrefining >= 0.3.0"
	]
}
