{
  "name": "ExtraChests",
  "version": "0.1.2",
  "title": "ExtraChests",
  "author": "Qumojo",
  "dependencies": [ "base >= 0.12.16", "? bobassembly >= 0.12.7", "? bobconfig >= 0.12.2", "? bobelectronics >= 0.12.6", "? bobenemies >= 0.12.6", "? boblogistics >= 0.12.7", "? bobmining >= 0.12.3", "? bobmodules >= 0.12.9", "? bobores >= 0.12.7", "? bobplates >= 0.12.10", "? bobpower >= 0.12.6", "? bobtech >= 0.12.4", "? bobwarfare >= 0.12.9"],
  "description": "Chests made of Titanium and Tungsten, added more Radars. Updated Storage-tank pics for bobs mod. Updated Poles pics for bobs mod and make them all replaceable, and now much more

Published under the MIT License"
}
