{
  "name": "ScienceCostTweaker",
  "version": "0.12.13",
  "title": "ScienceCostTweaker Mod",
  "author": "UberWaffe",
  "dependencies": ["base >= 0.12.0","? bobelectronics >= 0.12.0","? bobplates >= 0.12.0","? UberTweaks >= 0.0.1", "? peacemod"],
  "contact": "",
  "homepage": "https://github.com/UberWaffe/ScienceCostTweaker",
  "description": "Allows the cost of research to be tweaked, in terms of count, science packs and time. Edit its configs costs *.lua to tweak the multipliers."
}
